--------------------------------------------------------
--  Arquivo criado - Sexta-feira-Janeiro-29-2021   
--------------------------------------------------------
--------------------------------------------------------
--  DDL for Sequence SEQ_CLIENTE
--------------------------------------------------------

   CREATE SEQUENCE  "MV"."SEQ_CLIENTE"  MINVALUE 1 MAXVALUE 999999999 INCREMENT BY 1 START WITH 40001 CACHE 20000 ORDER  CYCLE  NOKEEP  NOSCALE  GLOBAL ;
--------------------------------------------------------
--  DDL for Sequence SEQ_CONTA_PF_PJ
--------------------------------------------------------

   CREATE SEQUENCE  "MV"."SEQ_CONTA_PF_PJ"  MINVALUE 1 MAXVALUE 999999999 INCREMENT BY 1 START WITH 40001 CACHE 20000 ORDER  CYCLE  NOKEEP  NOSCALE  GLOBAL ;
--------------------------------------------------------
--  DDL for Sequence SEQ_DADOS_PESSOAIS
--------------------------------------------------------

   CREATE SEQUENCE  "MV"."SEQ_DADOS_PESSOAIS"  MINVALUE 1 MAXVALUE 999999999 INCREMENT BY 1 START WITH 40001 CACHE 20000 ORDER  CYCLE  NOKEEP  NOSCALE  GLOBAL ;
--------------------------------------------------------
--  DDL for Sequence SEQ_EMPRESA
--------------------------------------------------------

   CREATE SEQUENCE  "MV"."SEQ_EMPRESA"  MINVALUE 1 MAXVALUE 999999999 INCREMENT BY 1 START WITH 40001 CACHE 20000 ORDER  CYCLE  NOKEEP  NOSCALE  GLOBAL ;
--------------------------------------------------------
--  DDL for Sequence SEQ_ENDERECO
--------------------------------------------------------

   CREATE SEQUENCE  "MV"."SEQ_ENDERECO"  MINVALUE 1 MAXVALUE 999999999 INCREMENT BY 1 START WITH 40001 CACHE 20000 ORDER  CYCLE  NOKEEP  NOSCALE  GLOBAL ;
--------------------------------------------------------
--  DDL for Sequence SEQ_MOVIMENTACAO_FINANCEIRA
--------------------------------------------------------

   CREATE SEQUENCE  "MV"."SEQ_MOVIMENTACAO_FINANCEIRA"  MINVALUE 1 MAXVALUE 999999999 INCREMENT BY 1 START WITH 40001 CACHE 20000 ORDER  CYCLE  NOKEEP  NOSCALE  GLOBAL ;
--------------------------------------------------------
--  DDL for Table CLIENTE
--------------------------------------------------------

  CREATE TABLE "MV"."CLIENTE" 
   (	"TIPO_CLIENTE" VARCHAR2(2 CHAR), 
	"ID_CLIENTE" NUMBER(19,0), 
	"DATA" TIMESTAMP (6), 
	"EMAIL_CLIENTE" VARCHAR2(50 CHAR), 
	"TELEFONE_CLIENTE" VARCHAR2(15 CHAR), 
	"STATUS_CLIENTE" VARCHAR2(255 CHAR), 
	"CPF" VARCHAR2(255 CHAR), 
	"CNPJ" VARCHAR2(255 CHAR), 
	"ID_EMPRESA" NUMBER(19,0), 
	"ID_ENDERECO" NUMBER(19,0), 
	"ID_PESSOA" NUMBER(19,0)
   ) SEGMENT CREATION IMMEDIATE 
  PCTFREE 10 PCTUSED 40 INITRANS 1 MAXTRANS 255 
 NOCOMPRESS LOGGING
  STORAGE(INITIAL 65536 NEXT 1048576 MINEXTENTS 1 MAXEXTENTS 2147483645
  PCTINCREASE 0 FREELISTS 1 FREELIST GROUPS 1
  BUFFER_POOL DEFAULT FLASH_CACHE DEFAULT CELL_FLASH_CACHE DEFAULT)
  TABLESPACE "USERS" ;
--------------------------------------------------------
--  DDL for Table CONTA_PF_PJ
--------------------------------------------------------

  CREATE TABLE "MV"."CONTA_PF_PJ" 
   (	"ID_CONTA" NUMBER(19,0), 
	"AGENCIA" VARCHAR2(15 CHAR), 
	"NUMERO_CONTA_PF_PJ" VARCHAR2(20 CHAR), 
	"SALDO" NUMBER(19,2), 
	"STATUS_CONTA" VARCHAR2(255 CHAR), 
	"ID_CLIENTE" NUMBER(19,0)
   ) SEGMENT CREATION IMMEDIATE 
  PCTFREE 10 PCTUSED 40 INITRANS 1 MAXTRANS 255 
 NOCOMPRESS LOGGING
  STORAGE(INITIAL 65536 NEXT 1048576 MINEXTENTS 1 MAXEXTENTS 2147483645
  PCTINCREASE 0 FREELISTS 1 FREELIST GROUPS 1
  BUFFER_POOL DEFAULT FLASH_CACHE DEFAULT CELL_FLASH_CACHE DEFAULT)
  TABLESPACE "USERS" ;
--------------------------------------------------------
--  DDL for Table DADOS_PESSOAIS
--------------------------------------------------------

  CREATE TABLE "MV"."DADOS_PESSOAIS" 
   (	"ID_DADOS_PESSOAIS" NUMBER(19,0), 
	"DATA_NASCIMENTO" TIMESTAMP (6), 
	"ESTADO_CIVIL" VARCHAR2(1 CHAR), 
	"NOME" VARCHAR2(100 CHAR)
   ) SEGMENT CREATION IMMEDIATE 
  PCTFREE 10 PCTUSED 40 INITRANS 1 MAXTRANS 255 
 NOCOMPRESS LOGGING
  STORAGE(INITIAL 65536 NEXT 1048576 MINEXTENTS 1 MAXEXTENTS 2147483645
  PCTINCREASE 0 FREELISTS 1 FREELIST GROUPS 1
  BUFFER_POOL DEFAULT FLASH_CACHE DEFAULT CELL_FLASH_CACHE DEFAULT)
  TABLESPACE "USERS" ;
--------------------------------------------------------
--  DDL for Table EMPRESA
--------------------------------------------------------

  CREATE TABLE "MV"."EMPRESA" 
   (	"ID_EMPRESA" NUMBER(19,0), 
	"CNPJ" VARCHAR2(255 CHAR), 
	"NOME" VARCHAR2(100 CHAR), 
	"NOME_FANTASIA" VARCHAR2(100 CHAR)
   ) SEGMENT CREATION IMMEDIATE 
  PCTFREE 10 PCTUSED 40 INITRANS 1 MAXTRANS 255 
 NOCOMPRESS LOGGING
  STORAGE(INITIAL 65536 NEXT 1048576 MINEXTENTS 1 MAXEXTENTS 2147483645
  PCTINCREASE 0 FREELISTS 1 FREELIST GROUPS 1
  BUFFER_POOL DEFAULT FLASH_CACHE DEFAULT CELL_FLASH_CACHE DEFAULT)
  TABLESPACE "USERS" ;
--------------------------------------------------------
--  DDL for Table ENDERECO
--------------------------------------------------------

  CREATE TABLE "MV"."ENDERECO" 
   (	"ID_ENDERECO" NUMBER(19,0), 
	"BAIRRO" VARCHAR2(50 CHAR), 
	"CEP" VARCHAR2(10 CHAR), 
	"CIDADE" VARCHAR2(50 CHAR), 
	"COMPLEMENTO" VARCHAR2(50 CHAR), 
	"LOGRADOURO" VARCHAR2(100 CHAR), 
	"NUMERO" VARCHAR2(10 CHAR), 
	"UF" VARCHAR2(2 CHAR)
   ) SEGMENT CREATION IMMEDIATE 
  PCTFREE 10 PCTUSED 40 INITRANS 1 MAXTRANS 255 
 NOCOMPRESS LOGGING
  STORAGE(INITIAL 65536 NEXT 1048576 MINEXTENTS 1 MAXEXTENTS 2147483645
  PCTINCREASE 0 FREELISTS 1 FREELIST GROUPS 1
  BUFFER_POOL DEFAULT FLASH_CACHE DEFAULT CELL_FLASH_CACHE DEFAULT)
  TABLESPACE "USERS" ;
--------------------------------------------------------
--  DDL for Table MOVIMENTACAO_FINANCEIRA
--------------------------------------------------------

  CREATE TABLE "MV"."MOVIMENTACAO_FINANCEIRA" 
   (	"ID_MOVIMENTACAO" NUMBER(20,0), 
	"DATA" TIMESTAMP (6), 
	"MOVIMENTACAO_INICIAL" NUMBER(1,0), 
	"DEBITO_CREDITO" VARCHAR2(1 BYTE), 
	"VALOR" NUMBER(19,2), 
	"ID_CONTA" NUMBER(19,0), 
	"ID_EMPRESA" NUMBER(19,0)
   ) SEGMENT CREATION IMMEDIATE 
  PCTFREE 10 PCTUSED 40 INITRANS 1 MAXTRANS 255 
 NOCOMPRESS LOGGING
  STORAGE(INITIAL 65536 NEXT 1048576 MINEXTENTS 1 MAXEXTENTS 2147483645
  PCTINCREASE 0 FREELISTS 1 FREELIST GROUPS 1
  BUFFER_POOL DEFAULT FLASH_CACHE DEFAULT CELL_FLASH_CACHE DEFAULT)
  TABLESPACE "USERS" ;
REM INSERTING into MV.CLIENTE
SET DEFINE OFF;
Insert into MV.CLIENTE (TIPO_CLIENTE,ID_CLIENTE,DATA,EMAIL_CLIENTE,TELEFONE_CLIENTE,STATUS_CLIENTE,CPF,CNPJ,ID_EMPRESA,ID_ENDERECO,ID_PESSOA) values ('PJ','20001',to_timestamp('01/01/20 00:00:00,000000000','DD/MM/RR HH24:MI:SSXFF'),'mv@mv.com','55115558-8989','1',null,'58419671000171','20001','20001','20001');
Insert into MV.CLIENTE (TIPO_CLIENTE,ID_CLIENTE,DATA,EMAIL_CLIENTE,TELEFONE_CLIENTE,STATUS_CLIENTE,CPF,CNPJ,ID_EMPRESA,ID_ENDERECO,ID_PESSOA) values ('PF','1',to_timestamp('27/01/21 20:42:52,105000000','DD/MM/RR HH24:MI:SSXFF'),'eee@yyy.com','5465464','0','523452345','456464654','1','1','1');
Insert into MV.CLIENTE (TIPO_CLIENTE,ID_CLIENTE,DATA,EMAIL_CLIENTE,TELEFONE_CLIENTE,STATUS_CLIENTE,CPF,CNPJ,ID_EMPRESA,ID_ENDERECO,ID_PESSOA) values ('PF','20',to_timestamp('01/01/20 00:00:00,000000000','DD/MM/RR HH24:MI:SSXFF'),'mv@mv.com','55115558-8989','1',null,null,'16','16','17');
Insert into MV.CLIENTE (TIPO_CLIENTE,ID_CLIENTE,DATA,EMAIL_CLIENTE,TELEFONE_CLIENTE,STATUS_CLIENTE,CPF,CNPJ,ID_EMPRESA,ID_ENDERECO,ID_PESSOA) values ('PF','21',to_timestamp('01/01/20 00:00:00,000000000','DD/MM/RR HH24:MI:SSXFF'),'mv@mv.com','55115558-8989','1',null,null,'17','17','18');
Insert into MV.CLIENTE (TIPO_CLIENTE,ID_CLIENTE,DATA,EMAIL_CLIENTE,TELEFONE_CLIENTE,STATUS_CLIENTE,CPF,CNPJ,ID_EMPRESA,ID_ENDERECO,ID_PESSOA) values ('PF','22',to_timestamp('01/01/20 00:00:00,000000000','DD/MM/RR HH24:MI:SSXFF'),'mv@mv.com','55115558-8989','1',null,null,'18','18','19');
Insert into MV.CLIENTE (TIPO_CLIENTE,ID_CLIENTE,DATA,EMAIL_CLIENTE,TELEFONE_CLIENTE,STATUS_CLIENTE,CPF,CNPJ,ID_EMPRESA,ID_ENDERECO,ID_PESSOA) values ('pf','29',to_timestamp('01/01/20 00:00:00,000000000','DD/MM/RR HH24:MI:SSXFF'),'mv@mv.com','55115558-8989','1','83365982272',null,'25','25','26');
Insert into MV.CLIENTE (TIPO_CLIENTE,ID_CLIENTE,DATA,EMAIL_CLIENTE,TELEFONE_CLIENTE,STATUS_CLIENTE,CPF,CNPJ,ID_EMPRESA,ID_ENDERECO,ID_PESSOA) values ('pj','31',to_timestamp('01/01/20 00:00:00,000000000','DD/MM/RR HH24:MI:SSXFF'),'mv@mv.com','55115558-8989','1',null,'58419671000171','27','27','28');
REM INSERTING into MV.CONTA_PF_PJ
SET DEFINE OFF;
Insert into MV.CONTA_PF_PJ (ID_CONTA,AGENCIA,NUMERO_CONTA_PF_PJ,SALDO,STATUS_CONTA,ID_CLIENTE) values ('1','0262','56465454','10','1','1');
Insert into MV.CONTA_PF_PJ (ID_CONTA,AGENCIA,NUMERO_CONTA_PF_PJ,SALDO,STATUS_CONTA,ID_CLIENTE) values ('20001','0262','string','0','1','20001');
Insert into MV.CONTA_PF_PJ (ID_CONTA,AGENCIA,NUMERO_CONTA_PF_PJ,SALDO,STATUS_CONTA,ID_CLIENTE) values ('19','0262','string','0','1','20');
Insert into MV.CONTA_PF_PJ (ID_CONTA,AGENCIA,NUMERO_CONTA_PF_PJ,SALDO,STATUS_CONTA,ID_CLIENTE) values ('20','0262','string','0','1','21');
Insert into MV.CONTA_PF_PJ (ID_CONTA,AGENCIA,NUMERO_CONTA_PF_PJ,SALDO,STATUS_CONTA,ID_CLIENTE) values ('21','0262','string','0','1','22');
Insert into MV.CONTA_PF_PJ (ID_CONTA,AGENCIA,NUMERO_CONTA_PF_PJ,SALDO,STATUS_CONTA,ID_CLIENTE) values ('28','0262','string','0','1','29');
Insert into MV.CONTA_PF_PJ (ID_CONTA,AGENCIA,NUMERO_CONTA_PF_PJ,SALDO,STATUS_CONTA,ID_CLIENTE) values ('30','0262','string','0','1','31');
REM INSERTING into MV.DADOS_PESSOAIS
SET DEFINE OFF;
Insert into MV.DADOS_PESSOAIS (ID_DADOS_PESSOAIS,DATA_NASCIMENTO,ESTADO_CIVIL,NOME) values ('20001',to_timestamp('01/01/20 00:00:00,000000000','DD/MM/RR HH24:MI:SSXFF'),'C','string');
Insert into MV.DADOS_PESSOAIS (ID_DADOS_PESSOAIS,DATA_NASCIMENTO,ESTADO_CIVIL,NOME) values ('1',to_timestamp('06/01/21 20:49:00,650000000','DD/MM/RR HH24:MI:SSXFF'),'C','Thiago');
Insert into MV.DADOS_PESSOAIS (ID_DADOS_PESSOAIS,DATA_NASCIMENTO,ESTADO_CIVIL,NOME) values ('17',to_timestamp('01/01/20 00:00:00,000000000','DD/MM/RR HH24:MI:SSXFF'),'C','string');
Insert into MV.DADOS_PESSOAIS (ID_DADOS_PESSOAIS,DATA_NASCIMENTO,ESTADO_CIVIL,NOME) values ('18',to_timestamp('01/01/20 00:00:00,000000000','DD/MM/RR HH24:MI:SSXFF'),'C','string');
Insert into MV.DADOS_PESSOAIS (ID_DADOS_PESSOAIS,DATA_NASCIMENTO,ESTADO_CIVIL,NOME) values ('19',to_timestamp('01/01/20 00:00:00,000000000','DD/MM/RR HH24:MI:SSXFF'),'C','string');
Insert into MV.DADOS_PESSOAIS (ID_DADOS_PESSOAIS,DATA_NASCIMENTO,ESTADO_CIVIL,NOME) values ('26',to_timestamp('01/01/20 00:00:00,000000000','DD/MM/RR HH24:MI:SSXFF'),'C','string');
Insert into MV.DADOS_PESSOAIS (ID_DADOS_PESSOAIS,DATA_NASCIMENTO,ESTADO_CIVIL,NOME) values ('28',to_timestamp('01/01/20 00:00:00,000000000','DD/MM/RR HH24:MI:SSXFF'),'C','string');
REM INSERTING into MV.EMPRESA
SET DEFINE OFF;
Insert into MV.EMPRESA (ID_EMPRESA,CNPJ,NOME,NOME_FANTASIA) values ('20001','58419671000171','Fleury LTDA','Fleury inovacao');
Insert into MV.EMPRESA (ID_EMPRESA,CNPJ,NOME,NOME_FANTASIA) values ('1','2345345','MV','MV');
Insert into MV.EMPRESA (ID_EMPRESA,CNPJ,NOME,NOME_FANTASIA) values ('16','58419671000171','Fleury LTDA','Fleury inovacao');
Insert into MV.EMPRESA (ID_EMPRESA,CNPJ,NOME,NOME_FANTASIA) values ('17','58419671000171','Fleury LTDA','Fleury inovacao');
Insert into MV.EMPRESA (ID_EMPRESA,CNPJ,NOME,NOME_FANTASIA) values ('18','58419671000171','Fleury LTDA','Fleury inovacao');
Insert into MV.EMPRESA (ID_EMPRESA,CNPJ,NOME,NOME_FANTASIA) values ('25','58419671000171','Fleury LTDA','Fleury inovacao');
Insert into MV.EMPRESA (ID_EMPRESA,CNPJ,NOME,NOME_FANTASIA) values ('27','58419671000171','Fleury LTDA','Fleury inovacao');
REM INSERTING into MV.ENDERECO
SET DEFINE OFF;
Insert into MV.ENDERECO (ID_ENDERECO,BAIRRO,CEP,CIDADE,COMPLEMENTO,LOGRADOURO,NUMERO,UF) values ('20001','bbbb','05861','Recife','nd','rua diogo reis','22','Sp');
Insert into MV.ENDERECO (ID_ENDERECO,BAIRRO,CEP,CIDADE,COMPLEMENTO,LOGRADOURO,NUMERO,UF) values ('1','fadsfas','441234','rqerqw','dfasdfas','fasdfasd','2','SP');
Insert into MV.ENDERECO (ID_ENDERECO,BAIRRO,CEP,CIDADE,COMPLEMENTO,LOGRADOURO,NUMERO,UF) values ('16','bbbb','05861','sao oaulo','nd','rua diogo dias','22','Sp');
Insert into MV.ENDERECO (ID_ENDERECO,BAIRRO,CEP,CIDADE,COMPLEMENTO,LOGRADOURO,NUMERO,UF) values ('17','bbbb','05861','sao oaulo','nd','rua diogo dias','22','Sp');
Insert into MV.ENDERECO (ID_ENDERECO,BAIRRO,CEP,CIDADE,COMPLEMENTO,LOGRADOURO,NUMERO,UF) values ('18','bbbb','05861','sao oaulo','nd','rua diogo dias','22','Sp');
Insert into MV.ENDERECO (ID_ENDERECO,BAIRRO,CEP,CIDADE,COMPLEMENTO,LOGRADOURO,NUMERO,UF) values ('25','bbbb','05861','sao oaulo','nd','rua diogo dias','22','Sp');
Insert into MV.ENDERECO (ID_ENDERECO,BAIRRO,CEP,CIDADE,COMPLEMENTO,LOGRADOURO,NUMERO,UF) values ('27','bbbb','05861','sao paulo','nd','rua diogo reis','22','Sp');
REM INSERTING into MV.MOVIMENTACAO_FINANCEIRA
SET DEFINE OFF;
Insert into MV.MOVIMENTACAO_FINANCEIRA (ID_MOVIMENTACAO,DATA,MOVIMENTACAO_INICIAL,DEBITO_CREDITO,VALOR,ID_CONTA,ID_EMPRESA) values ('1',to_timestamp('28/01/21 07:23:46,109000000','DD/MM/RR HH24:MI:SSXFF'),'1','C','50','1','1');
Insert into MV.MOVIMENTACAO_FINANCEIRA (ID_MOVIMENTACAO,DATA,MOVIMENTACAO_INICIAL,DEBITO_CREDITO,VALOR,ID_CONTA,ID_EMPRESA) values ('2',to_timestamp('05/01/21 09:35:29,274000000','DD/MM/RR HH24:MI:SSXFF'),'1','D','1','1','1');
Insert into MV.MOVIMENTACAO_FINANCEIRA (ID_MOVIMENTACAO,DATA,MOVIMENTACAO_INICIAL,DEBITO_CREDITO,VALOR,ID_CONTA,ID_EMPRESA) values ('20001',to_timestamp('01/01/20 00:00:00,000000000','DD/MM/RR HH24:MI:SSXFF'),'1','C','10','20001',null);
Insert into MV.MOVIMENTACAO_FINANCEIRA (ID_MOVIMENTACAO,DATA,MOVIMENTACAO_INICIAL,DEBITO_CREDITO,VALOR,ID_CONTA,ID_EMPRESA) values ('3',to_timestamp('01/01/20 00:00:00,000000000','DD/MM/RR HH24:MI:SSXFF'),'1','C','10','19',null);
Insert into MV.MOVIMENTACAO_FINANCEIRA (ID_MOVIMENTACAO,DATA,MOVIMENTACAO_INICIAL,DEBITO_CREDITO,VALOR,ID_CONTA,ID_EMPRESA) values ('4',to_timestamp('01/01/20 00:00:00,000000000','DD/MM/RR HH24:MI:SSXFF'),'1','C','10','20',null);
Insert into MV.MOVIMENTACAO_FINANCEIRA (ID_MOVIMENTACAO,DATA,MOVIMENTACAO_INICIAL,DEBITO_CREDITO,VALOR,ID_CONTA,ID_EMPRESA) values ('5',to_timestamp('01/01/20 00:00:00,000000000','DD/MM/RR HH24:MI:SSXFF'),'1','C','10','21',null);
Insert into MV.MOVIMENTACAO_FINANCEIRA (ID_MOVIMENTACAO,DATA,MOVIMENTACAO_INICIAL,DEBITO_CREDITO,VALOR,ID_CONTA,ID_EMPRESA) values ('12',to_timestamp('01/01/20 00:00:00,000000000','DD/MM/RR HH24:MI:SSXFF'),'1','C','10','28',null);
Insert into MV.MOVIMENTACAO_FINANCEIRA (ID_MOVIMENTACAO,DATA,MOVIMENTACAO_INICIAL,DEBITO_CREDITO,VALOR,ID_CONTA,ID_EMPRESA) values ('14',to_timestamp('01/01/20 00:00:00,000000000','DD/MM/RR HH24:MI:SSXFF'),'1','C','10','30',null);
--------------------------------------------------------
--  DDL for Index SYS_C007582
--------------------------------------------------------

  CREATE UNIQUE INDEX "MV"."SYS_C007582" ON "MV"."CLIENTE" ("ID_CLIENTE") 
  PCTFREE 10 INITRANS 2 MAXTRANS 255 COMPUTE STATISTICS 
  STORAGE(INITIAL 65536 NEXT 1048576 MINEXTENTS 1 MAXEXTENTS 2147483645
  PCTINCREASE 0 FREELISTS 1 FREELIST GROUPS 1
  BUFFER_POOL DEFAULT FLASH_CACHE DEFAULT CELL_FLASH_CACHE DEFAULT)
  TABLESPACE "USERS" ;
--------------------------------------------------------
--  DDL for Index SYS_C007586
--------------------------------------------------------

  CREATE UNIQUE INDEX "MV"."SYS_C007586" ON "MV"."CONTA_PF_PJ" ("ID_CONTA") 
  PCTFREE 10 INITRANS 2 MAXTRANS 255 COMPUTE STATISTICS 
  STORAGE(INITIAL 65536 NEXT 1048576 MINEXTENTS 1 MAXEXTENTS 2147483645
  PCTINCREASE 0 FREELISTS 1 FREELIST GROUPS 1
  BUFFER_POOL DEFAULT FLASH_CACHE DEFAULT CELL_FLASH_CACHE DEFAULT)
  TABLESPACE "USERS" ;
--------------------------------------------------------
--  DDL for Index SYS_C007590
--------------------------------------------------------

  CREATE UNIQUE INDEX "MV"."SYS_C007590" ON "MV"."DADOS_PESSOAIS" ("ID_DADOS_PESSOAIS") 
  PCTFREE 10 INITRANS 2 MAXTRANS 255 COMPUTE STATISTICS 
  STORAGE(INITIAL 65536 NEXT 1048576 MINEXTENTS 1 MAXEXTENTS 2147483645
  PCTINCREASE 0 FREELISTS 1 FREELIST GROUPS 1
  BUFFER_POOL DEFAULT FLASH_CACHE DEFAULT CELL_FLASH_CACHE DEFAULT)
  TABLESPACE "USERS" ;
--------------------------------------------------------
--  DDL for Index SYS_C007592
--------------------------------------------------------

  CREATE UNIQUE INDEX "MV"."SYS_C007592" ON "MV"."EMPRESA" ("ID_EMPRESA") 
  PCTFREE 10 INITRANS 2 MAXTRANS 255 COMPUTE STATISTICS 
  STORAGE(INITIAL 65536 NEXT 1048576 MINEXTENTS 1 MAXEXTENTS 2147483645
  PCTINCREASE 0 FREELISTS 1 FREELIST GROUPS 1
  BUFFER_POOL DEFAULT FLASH_CACHE DEFAULT CELL_FLASH_CACHE DEFAULT)
  TABLESPACE "USERS" ;
--------------------------------------------------------
--  DDL for Index SYS_C007595
--------------------------------------------------------

  CREATE UNIQUE INDEX "MV"."SYS_C007595" ON "MV"."ENDERECO" ("ID_ENDERECO") 
  PCTFREE 10 INITRANS 2 MAXTRANS 255 COMPUTE STATISTICS 
  STORAGE(INITIAL 65536 NEXT 1048576 MINEXTENTS 1 MAXEXTENTS 2147483645
  PCTINCREASE 0 FREELISTS 1 FREELIST GROUPS 1
  BUFFER_POOL DEFAULT FLASH_CACHE DEFAULT CELL_FLASH_CACHE DEFAULT)
  TABLESPACE "USERS" ;
--------------------------------------------------------
--  DDL for Index SYS_C007602
--------------------------------------------------------

  CREATE UNIQUE INDEX "MV"."SYS_C007602" ON "MV"."MOVIMENTACAO_FINANCEIRA" ("ID_MOVIMENTACAO") 
  PCTFREE 10 INITRANS 2 MAXTRANS 255 COMPUTE STATISTICS 
  STORAGE(INITIAL 65536 NEXT 1048576 MINEXTENTS 1 MAXEXTENTS 2147483645
  PCTINCREASE 0 FREELISTS 1 FREELIST GROUPS 1
  BUFFER_POOL DEFAULT FLASH_CACHE DEFAULT CELL_FLASH_CACHE DEFAULT)
  TABLESPACE "USERS" ;
--------------------------------------------------------
--  DDL for Procedure CLIENTEPORPERIODOID
--------------------------------------------------------
set define off;

  CREATE OR REPLACE EDITIONABLE PROCEDURE "MV"."CLIENTEPORPERIODOID" (
cursor_ OUT SYS_REFCURSOR,
idCliente IN INTEGER,
inicio    IN   VARCHAR2,
fim       IN VARCHAR2
)
AS
BEGIN
OPEN cursor_ FOR
        select movimentacao.id_movimentacao as id_movimentacao, 
        movimentacao.id_conta as id_conta, 
        movimentacao.data as data, 
        movimentacao.id_empresa as id_empresa, 
        movimentacao.movimentacao_inicial as movimentacao_inicio, 
        movimentacao.valor as valor from  movimentacao_financeira movimentacao 
        inner join conta_pf_pj conta_ on movimentacao.id_conta=conta_.id_conta inner join 
        cliente cliente_ on conta_.id_cliente=cliente_.id_cliente 
        where (trunc(movimentacao.data) between 
        TO_DATE( inicio , 'DD/MM/YYYY' ) 
        and 
        TO_DATE( fim, 'DD/MM/YYYY' ) 
        ) 
        and cliente_.id_cliente=idCliente;
        DBMS_OUTPUT.PUT_LINE('EMPLOYEES WITH JOB ');
END;

/
--------------------------------------------------------
--  Constraints for Table CLIENTE
--------------------------------------------------------

  ALTER TABLE "MV"."CLIENTE" MODIFY ("TIPO_CLIENTE" NOT NULL ENABLE);
  ALTER TABLE "MV"."CLIENTE" MODIFY ("ID_CLIENTE" NOT NULL ENABLE);
  ALTER TABLE "MV"."CLIENTE" ADD PRIMARY KEY ("ID_CLIENTE")
  USING INDEX PCTFREE 10 INITRANS 2 MAXTRANS 255 COMPUTE STATISTICS 
  STORAGE(INITIAL 65536 NEXT 1048576 MINEXTENTS 1 MAXEXTENTS 2147483645
  PCTINCREASE 0 FREELISTS 1 FREELIST GROUPS 1
  BUFFER_POOL DEFAULT FLASH_CACHE DEFAULT CELL_FLASH_CACHE DEFAULT)
  TABLESPACE "USERS"  ENABLE;
--------------------------------------------------------
--  Constraints for Table CONTA_PF_PJ
--------------------------------------------------------

  ALTER TABLE "MV"."CONTA_PF_PJ" MODIFY ("ID_CONTA" NOT NULL ENABLE);
  ALTER TABLE "MV"."CONTA_PF_PJ" MODIFY ("STATUS_CONTA" NOT NULL ENABLE);
  ALTER TABLE "MV"."CONTA_PF_PJ" ADD PRIMARY KEY ("ID_CONTA")
  USING INDEX PCTFREE 10 INITRANS 2 MAXTRANS 255 COMPUTE STATISTICS 
  STORAGE(INITIAL 65536 NEXT 1048576 MINEXTENTS 1 MAXEXTENTS 2147483645
  PCTINCREASE 0 FREELISTS 1 FREELIST GROUPS 1
  BUFFER_POOL DEFAULT FLASH_CACHE DEFAULT CELL_FLASH_CACHE DEFAULT)
  TABLESPACE "USERS"  ENABLE;
--------------------------------------------------------
--  Constraints for Table DADOS_PESSOAIS
--------------------------------------------------------

  ALTER TABLE "MV"."DADOS_PESSOAIS" MODIFY ("ID_DADOS_PESSOAIS" NOT NULL ENABLE);
  ALTER TABLE "MV"."DADOS_PESSOAIS" MODIFY ("DATA_NASCIMENTO" NOT NULL ENABLE);
  ALTER TABLE "MV"."DADOS_PESSOAIS" MODIFY ("ESTADO_CIVIL" NOT NULL ENABLE);
  ALTER TABLE "MV"."DADOS_PESSOAIS" ADD PRIMARY KEY ("ID_DADOS_PESSOAIS")
  USING INDEX PCTFREE 10 INITRANS 2 MAXTRANS 255 COMPUTE STATISTICS 
  STORAGE(INITIAL 65536 NEXT 1048576 MINEXTENTS 1 MAXEXTENTS 2147483645
  PCTINCREASE 0 FREELISTS 1 FREELIST GROUPS 1
  BUFFER_POOL DEFAULT FLASH_CACHE DEFAULT CELL_FLASH_CACHE DEFAULT)
  TABLESPACE "USERS"  ENABLE;
--------------------------------------------------------
--  Constraints for Table EMPRESA
--------------------------------------------------------

  ALTER TABLE "MV"."EMPRESA" MODIFY ("ID_EMPRESA" NOT NULL ENABLE);
  ALTER TABLE "MV"."EMPRESA" ADD PRIMARY KEY ("ID_EMPRESA")
  USING INDEX PCTFREE 10 INITRANS 2 MAXTRANS 255 COMPUTE STATISTICS 
  STORAGE(INITIAL 65536 NEXT 1048576 MINEXTENTS 1 MAXEXTENTS 2147483645
  PCTINCREASE 0 FREELISTS 1 FREELIST GROUPS 1
  BUFFER_POOL DEFAULT FLASH_CACHE DEFAULT CELL_FLASH_CACHE DEFAULT)
  TABLESPACE "USERS"  ENABLE;
--------------------------------------------------------
--  Constraints for Table ENDERECO
--------------------------------------------------------

  ALTER TABLE "MV"."ENDERECO" MODIFY ("ID_ENDERECO" NOT NULL ENABLE);
  ALTER TABLE "MV"."ENDERECO" ADD PRIMARY KEY ("ID_ENDERECO")
  USING INDEX PCTFREE 10 INITRANS 2 MAXTRANS 255 COMPUTE STATISTICS 
  STORAGE(INITIAL 65536 NEXT 1048576 MINEXTENTS 1 MAXEXTENTS 2147483645
  PCTINCREASE 0 FREELISTS 1 FREELIST GROUPS 1
  BUFFER_POOL DEFAULT FLASH_CACHE DEFAULT CELL_FLASH_CACHE DEFAULT)
  TABLESPACE "USERS"  ENABLE;
--------------------------------------------------------
--  Constraints for Table MOVIMENTACAO_FINANCEIRA
--------------------------------------------------------

  ALTER TABLE "MV"."MOVIMENTACAO_FINANCEIRA" MODIFY ("ID_MOVIMENTACAO" NOT NULL ENABLE);
  ALTER TABLE "MV"."MOVIMENTACAO_FINANCEIRA" MODIFY ("DATA" NOT NULL ENABLE);
  ALTER TABLE "MV"."MOVIMENTACAO_FINANCEIRA" MODIFY ("DEBITO_CREDITO" NOT NULL ENABLE);
  ALTER TABLE "MV"."MOVIMENTACAO_FINANCEIRA" MODIFY ("VALOR" NOT NULL ENABLE);
  ALTER TABLE "MV"."MOVIMENTACAO_FINANCEIRA" ADD PRIMARY KEY ("ID_MOVIMENTACAO")
  USING INDEX PCTFREE 10 INITRANS 2 MAXTRANS 255 COMPUTE STATISTICS 
  STORAGE(INITIAL 65536 NEXT 1048576 MINEXTENTS 1 MAXEXTENTS 2147483645
  PCTINCREASE 0 FREELISTS 1 FREELIST GROUPS 1
  BUFFER_POOL DEFAULT FLASH_CACHE DEFAULT CELL_FLASH_CACHE DEFAULT)
  TABLESPACE "USERS"  ENABLE;
--------------------------------------------------------
--  Ref Constraints for Table CLIENTE
--------------------------------------------------------

  ALTER TABLE "MV"."CLIENTE" ADD CONSTRAINT "FK_EMPRESA_CLI" FOREIGN KEY ("ID_EMPRESA")
	  REFERENCES "MV"."EMPRESA" ("ID_EMPRESA") ENABLE;
  ALTER TABLE "MV"."CLIENTE" ADD CONSTRAINT "FK_ENDERECO" FOREIGN KEY ("ID_ENDERECO")
	  REFERENCES "MV"."ENDERECO" ("ID_ENDERECO") ENABLE;
  ALTER TABLE "MV"."CLIENTE" ADD CONSTRAINT "FK_PESSOA" FOREIGN KEY ("ID_PESSOA")
	  REFERENCES "MV"."DADOS_PESSOAIS" ("ID_DADOS_PESSOAIS") ENABLE;
--------------------------------------------------------
--  Ref Constraints for Table CONTA_PF_PJ
--------------------------------------------------------

  ALTER TABLE "MV"."CONTA_PF_PJ" ADD CONSTRAINT "FK_CONTA_PF_PJ" FOREIGN KEY ("ID_CLIENTE")
	  REFERENCES "MV"."CLIENTE" ("ID_CLIENTE") ENABLE;
--------------------------------------------------------
--  Ref Constraints for Table MOVIMENTACAO_FINANCEIRA
--------------------------------------------------------

  ALTER TABLE "MV"."MOVIMENTACAO_FINANCEIRA" ADD CONSTRAINT "FK_MOVIMENTACAO_FINANCEIRA" FOREIGN KEY ("ID_CONTA")
	  REFERENCES "MV"."CONTA_PF_PJ" ("ID_CONTA") ENABLE;
  ALTER TABLE "MV"."MOVIMENTACAO_FINANCEIRA" ADD CONSTRAINT "FK_EMPRESA_MOVIMENTACAO_FINANCEIRA" FOREIGN KEY ("ID_EMPRESA")
	  REFERENCES "MV"."EMPRESA" ("ID_EMPRESA") ENABLE;
